qualifyId,raceId,driverId,constructorId,number,position,q1,q2,q3
1,898,811,131,1,1,1:28.608,1:32.718,1:26.394
2,898,1,131,2,2,1:28.895,1:27.793,1:30.748
3,898,810,5,3,3,1:29.667,1:29.952,1:27.544
4,898,808,5,4,4,1:29.462,1:29.287,1:27.779
5,898,817,215,5,5,1:31.725,1:30.718,1:30.434
6,898,17,210,6,6,1:31.629,1:28.162,1:28.797
7,898,20,51,7,7,1:28.304,1:30.313,1:30.974
8,898,813,1,8,8,1:33.187,1:30.306,1:26.922
9,898,807,4,9,9,1:30.853,1:27.484,1:30.744
10,898,812,4,10,10,1:28.813,1:30.120,1:27.554
11,898,4,211,11,11,1:30.720,1:30.694,
12,898,809,1,12,12,1:30.168,1:27.295,
13,898,815,214,13,13,1:31.543,1:29.411,
14,898,816,210,14,14,1:29.634,1:27.376,
15,899,809,1,1,1,1:29.413,1:27.980,1:30.928
16,899,807,4,2,2,1:28.105,1:29.208,1:28.138
17,899,17,210,3,3,1:33.524,1:32.360,1:27.186
18,899,808,5,4,4,1:28.175,1:29.513,1:26.994
19,899,20,51,5,5,1:33.556,1:31.338,1:30.698
20,899,811,131,6,6,1:32.771,1:32.471,1:30.500
21,899,817,215,7,7,1:34.715,1:31.549,1:30.745
22,899,812,4,8,8,1:31.117,1:32.761,1:26.513
23,899,813,1,9,9,1:28.737,1:29.515,1:27.598
24,899,1,131,10,10,1:33.733,1:28.214,1:29.773
25,899,815,214,11,11,1:28.333,1:30.110,
26,899,810,5,12,12,1:33.778,1:32.226,
27,899,4,211,13,13,1:30.217,1:32.511,
28,899,816,210,14,14,1:30.608,1:27.274,
29,900,17,210,1,1,1:32.857,1:27.192,1:30.659
30,900,812,4,2,2,1:28.344,1:31.394,1:27.116
31,900,810,5,3,3,1:34.368,1:31.893,1:26.550
32,900,1,131,4,4,1:34.413,1:27.202,1:30.292
33,900,811,131,5,5,1:28.673,1:27.270,1:26.350
34,900,816,210,6,6,1:32.486,1:31.728,1:28.515
35,900,808,5,7,7,1:29.479,1:27.921,1:29.172
36,900,813,1,8,8,1:28.192,1:27.697,1:26.598
37,900,815,214,9,9,1:31.729,1:27.298,1:30.438
38,900,4,211,10,10,1:30.528,1:29.238,1:30.641
39,900,20,51,11,11,1:28.331,1:28.534,
40,900,809,1,12,12,1:29.835,1:32.617,
41,900,817,215,13,13,1:31.850,1:27.971,
42,900,807,4,14,14,1:31.434,1:30.215,
43,901,813,1,1,1,1:30.793,1:32.931,1:28.673
44,901,817,215,2,2,1:31.606,1:30.983,1:28.221
45,901,4,211,3,3,1:34.718,1:29.513,1:28.997
46,901,816,210,4,4,1:33.355,1:27.447,1:29.581
47,901,17,210,5,5,1:32.603,1:27.235,1:26.349
48,901,809,1,6,6,1:29.968,1:31.929,1:27.599
49,901,811,131,7,7,1:28.454,1:31.310,1:29.640
50,901,815,214,8,8,1:30.682,1:30.364,1:29.541
51,901,810,5,9,9,1:28.499,1:29.888,1:27.903
52,901,812,4,10,10,1:29.584,1:31.569,1:27.943
53,901,20,51,11,11,1:29.544,1:31.366,
54,901,808,5,12,12,1:33.627,1:29.924,
55,901,807,4,13,13,1:32.485,1:32.833,
56,901,1,131,14,14,1:31.749,1:30.494,
57,902,811,131,1,1,1:30.321,1:31.228,1:30.255
58,902,815,214,2,2,1:32.477,1:32.880,1:28.967
59,902,810,5,3,3,1:34.889,1:28.536,1:29.579
60,902,816,210,4,4,1:34.986,1:32.439,1:27.968
61,902,1,131,5,5,1:31.303,1:27.639,1:26.776
62,902,817,215,6,6,1:34.633,1:32.992,1:30.707
63,902,812,4,7,7,1:30.690,1:31.927,1:27.787
64,902,17,210,8,8,1:33.316,1:32.798,1:30.554
65,902,813,1,9,9,1:32.329,1:28.357,1:28.281
66,902,809,1,10,10,1:32.867,1:32.787,1:28.375
67,902,20,51,11,11,1:31.398,1:31.898,
68,902,808,5,12,12,1:30.579,1:31.557,
69,902,4,211,13,13,1:30.464,1:29.774,
70,902,807,4,14,14,1:34.754,1:31.880,
71,903,808,5,1,1,1:33.265,1:32.213,1:26.455
72,903,813,1,2,2,1:34.306,1:29.541,1:28.614
73,903,817,215,3,3,1:32.952,1:31.237,1:28.636
74,903,4,211,4,4,1:31.672,1:31.482,1:28.782
75,903,20,51,5,5,1:29.173,1:31.764,1:29.147
76,903,815,214,6,6,1:30.954,1:29.721,1:27.794
77,903,1,131,7,7,1:31.808,1:29.662,1:30.879
78,903,812,4,8,8,1:29.857,1:27.269,1:29.777
79,903,816,210,9,9,1:28.113,1:29.387,1:28.288
80,903,811,131,10,10,1:29.254,1:32.821,1:28.376
81,903,17,210,11,11,1:31.744,1:27.670,
82,903,810,5,12,12,1:34.956,1:27.281,
83,903,809,1,13,13,1:29.950,1:27.163,
84,903,807,4,14,14,1:34.359,1:27.754,
85,904,1,131,1,1,1:28.474,1:29.142,1:29.395
86,904,809,1,2,2,1:33.631,1:32.265,1:28.255
87,904,817,215,3,3,1:29.193,1:31.933,1:30.841
88,904,810,5,4,4,1:29.903,1:32.637,1:28.975
89,904,4,211,5,5,1:30.249,1:30.107,1:30.395
90,904,813,1,6,6,1:29.820,1:30.727,1:28.618
91,904,17,210,7,7,1:32.338,1:29.280,1:26.278
92,904,811,131,8,8,1:31.904,1:28.564,1:26.363
93,904,807,4,9,9,1:34.706,1:31.833,1:29.479
94,904,808,5,10,10,1:34.408,1:30.884,1:27.449
95,904,816,210,11,11,1:32.593,1:29.197,
96,904,812,4,12,12,1:29.170,1:30.669,
97,904,20,51,13,13,1:29.862,1:30.149,
98,904,815,214,14,14,1:33.827,1:28.663,
99,905,812,4,1,1,1:31.148,1:30.736,1:30.135
100,905,807,4,2,2,1:32.893,1:32.615,1:27.265
101,905,813,1,3,3,1:34.955,1:32.741,1:28.401
102,905,808,5,4,4,1:33.552,1:32.365,1:28.211
103,905,17,210,5,5,1:31.545,1:27.164,1:27.924
104,905,20,51,6,6,1:34.205,1:31.283,1:27.876
105,905,816,210,7,7,1:33.188,1:28.470,1:29.498
106,905,4,211,8,8,1:29.370,1:31.948,1:26.139
107,905,815,214,9,9,1:31.317,1:29.181,1:30.819
108,905,1,131,10,10,1:28.546,1:30.527,1:28.543
109,905,817,215,11,11,1:34.860,1:29.147,
110,905,809,1,12,12,1:29.538,1:30.286,
111,905,810,5,13,13,1:28.323,1:32.587,
112,905,811,131,14,14,1:32.976,1:27.328,
113,906,17,210,1,1,1:34.521,1:30.152,1:28.511
114,906,808,5,2,2,1:30.336,1:32.837,1:30.521
115,906,816,210,3,3,1:34.171,1:32.284,1:28.486
116,906,815,214,4,4,1:30.175,1:27.926,1:30.354
117,906,811,131,5,5,1:32.801,1:30.444,1:26.386
118,906,807,4,6,6,1:33.824,1:28.695,1:29.624
119,906,813,1,7,7,1:32.738,1:28.725,1:26.375
120,906,20,51,8,8,1:31.816,1:27.580,1:26.372
121,906,810,5,9,9,1:29.427,1:28.830,1:30.378
122,906,817,215,10,10,1:33.427,1:29.573,1:28.880
123,906,4,211,11,11,1:34.328,1:27.255,
124,906,1,131,12,12,1:28.800,1:28.857,
125,906,809,1,13,13,1:29.610,1:27.385,
126,906,812,4,14,14,1:34.112,1:28.832,
127,907,4,211,1,1,1:34.664,1:30.516,1:26.407
128,907,1,131,2,2,1:28.793,1:27.143,1:28.942
129,907,816,210,3,3,1:29.819,1:27.899,1:29.580
130,907,812,4,4,4,1:32.171,1:29.289,1:29.420
131,907,815,214,5,5,1:30.331,1:28.801,1:28.238
132,907,810,5,6,6,1:34.782,1:27.580,1:27.832
133,907,809,1,7,7,1:32.952,1:32.441,1:27.713
134,907,807,4,8,8,1:32.592,1:29.921,1:26.326
135,907,813,1,9,9,1:30.238,1:27.248,1:28.549
136,907,20,51,10,10,1:34.203,1:29.970,1:29.372
137,907,811,131,11,11,1:33.246,1:32.127,
138,907,17,210,12,12,1:29.649,1:31.470,
139,907,808,5,13,13,1:31.679,1:32.317,
140,907,817,215,14,14,1:28.398,1:30.157,
141,908,17,210,1,1,1:30.895,1:27.309,1:26.546
142,908,815,214,2,2,1:31.571,1:28.591,1:28.236
143,908,811,131,3,3,1:34.283,1:30.386,1:30.636
144,908,808,5,4,4,1:34.901,1:29.349,1:27.172
145,908,809,1,5,5,1:29.459,1:28.310,1:28.251
146,908,812,4,6,6,1:32.294,1:28.382,1:26.370
147,908,20,51,7,7,1:30.559,1:27.792,1:29.381
148,908,813,1,8,8,1:34.261,1:28.951,1:29.570
149,908,817,215,9,9,1:31.186,1:27.345,1:26.677
150,908,1,131,10,10,1:33.998,1:28.248,1:26.951
151,908,807,4,11,11,1:28.727,1:32.568,
152,908,4,211,12,12,1:33.580,1:30.393,
153,908,810,5,13,13,1:32.242,1:28.349,
154,908,816,210,14,14,1:33.401,1:27.888,
155,909,17,210,1,1,1:30.825,1:29.651,1:27.237
156,909,20,51,2,2,1:28.279,1:27.811,1:28.672
157,909,816,210,3,3,1:32.989,1:31.792,1:30.155
158,909,808,5,4,4,1:30.336,1:32.960,1:30.684
159,909,817,215,5,5,1:30.851,1:28.548,1:29.918
160,909,813,1,6,6,1:33.878,1:30.207,1:29.701
161,909,810,5,7,7,1:32.990,1:31.992,1:29.989
162,909,809,1,8,8,1:33.556,1:28.795,1:27.346
163,909,807,4,9,9,1:34.663,1:27.687,1:26.538
164,909,812,4,10,10,1:33.651,1:31.210,1:26.932
165,909,811,131,11,11,1:28.290,1:28.793,
166,909,4,211,12,12,1:29.504,1:27.121,
167,909,1,131,13,13,1:33.710,1:31.307,
168,909,815,214,14,14,1:33.786,1:27.628,
169,910,810,5,1,1,1:30.368,1:27.514,1:30.774
170,910,816,210,2,2,1:31.105,1:31.669,1:26.506
171,910,808,5,3,3,1:28.125,1:31.631,1:28.547
172,910,815,214,4,4,1:29.245,1:30.884,1:26.625
173,910,811,131,5,5,1:33.112,1:30.986,1:28.674
174,910,813,1,6,6,1:30.850,1:30.518,1:26.518
175,910,1,131,7,7,1:30.711,1:29.221,1:29.971
176,910,809,1,8,8,1:32.480,1:27.426,1:28.149
177,910,17,210,9,9,1:28.454,1:30.240,1:27.227
178,910,20,51,10,10,1:33.979,1:32.935,1:28.819
179,910,817,215,11,11,1:31.289,1:30.528,
180,910,807,4,12,12,1:29.383,1:31.293,
181,910,4,211,13,13,1:34.870,1:32.235,
182,910,812,4,14,14,1:34.270,1:27.586,
183,911,812,4,1,1,1:29.329,1:28.981,1:30.984
184,911,4,211,2,2,1:32.522,1:30.709,1:28.481
185,911,1,131,3,3,1:32.762,1:31.449,1:27.593
186,911,810,5,4,4,1:31.103,1:31.105,1:27.245
187,911,807,4,5,5,1:34.523,1:28.707,1:26.840
188,911,811,131,6,6,1:29.311,1:32.723,1:28.546
189,911,817,215,7,7,1:30.205,1:29.910,1:26.195
190,911,17,210,8,8,1:31.551,1:27.908,1:28.515
191,911,809,1,9,9,1:33.603,1:32.390,1:26.249
192,911,20,51,10,10,1:34.878,1:31.862,1:27.614
193,911,813,1,11,11,1:28.415,1:30.698,
194,911,815,214,12,12,1:33.324,1:28.212,
195,911,808,5,13,13,1:30.332,1:27.890,
196,911,816,210,14,14,1:29.182,1:31.274,
197,912,809,1,1,1,1:33.413,1:32.474,1:26.124
198,912,812,4,2,2,1:33.454,1:30.147,1:27.877
199,912,816,210,3,3,1:30.558,1:29.696,1:30.313
200,912,817,215,4,4,1:32.602,1:27.547,1:27.943
201,912,4,211,5,5,1:28.909,1:28.153,1:28.430
202,912,807,4,6,6,1:28.854,1:28.582,1:30.286
203,912,20,51,7,7,1:29.755,1:32.463,1:28.530
204,912,17,210,8,8,1:34.403,1:28.175,1:29.432
205,912,815,214,9,9,1:31.857,1:28.573,1:28.382
206,912,808,5,10,10,1:34.171,1:32.674,1:29.111
207,912,1,131,11,11,1:32.865,1:29.116,
208,912,813,1,12,12,1:34.352,1:27.475,
209,912,810,5,13,13,1:31.619,1:31.189,
210,912,811,131,14,14,1:31.895,1:32.960,
211,913,807,4,1,1,1:34.535,1:29.560,1:27.120
212,913,808,5,2,2,1:32.126,1:30.384,1:29.380
213,913,815,214,3,3,1:33.930,1:30.997,1:27.967
214,913,809,1,4,4,1:33.144,1:29.570,1:27.752
215,913,812,4,5,5,1:30.929,1:32.320,1:29.633
216,913,17,210,6,6,1:31.466,1:30.940,1:28.649
217,913,816,210,7,7,1:33.215,1:27.247,1:26.387
218,913,1,131,8,8,1:31.149,1:28.616,1:29.954
219,913,810,5,9,9,1:33.686,1:31.377,1:27.935
220,913,817,215,10,10,1:32.399,1:28.688,1:27.748
221,913,4,211,11,11,1:29.706,1:30.246,
222,913,813,1,12,12,1:29.577,1:29.540,
223,913,811,131,13,13,1:32.288,1:29.706,
224,913,20,51,14,14,1:32.387,1:28.286,
225,914,17,210,1,1,1:34.440,1:30.426,1:27.978
226,914,813,1,2,2,1:29.706,1:27.324,1:28.447
227,914,1,131,3,3,1:28.658,1:30.280,1:27.810
228,914,817,215,4,4,1:29.717,1:30.207,1:28.509
229,914,809,1,5,5,1:30.395,1:28.270,1:28.592
230,914,811,131,6,6,1:30.111,1:29.589,1:28.980
231,914,812,4,7,7,1:33.916,1:28.415,1:29.777
232,914,816,210,8,8,1:31.892,1:31.877,1:29.397
233,914,807,4,9,9,1:28.944,1:27.473,1:27.402
234,914,815,214,10,10,1:32.345,1:31.633,1:26.567
235,914,20,51,11,11,1:29.462,1:29.652,
236,914,808,5,12,12,1:29.259,1:28.700,
237,914,4,211,13,13,1:29.111,1:27.687,
238,914,810,5,14,14,1:29.300,1:28.963,
239,915,812,4,1,1,1:33.293,1:31.626,1:29.712
240,915,817,215,2,2,1:31.439,1:31.970,1:30.721
241,915,811,131,3,3,1:33.968,1:28.827,1:27.227
242,915,4,211,4,4,1:29.431,1:32.553,1:29.784
243,915,815,214,5,5,1:31.121,1:32.738,1:30.455
244,915,17,210,6,6,1:28.195,1:27.263,1:29.629
245,915,20,51,7,7,1:33.294,1:31.222,1:28.551
246,915,809,1,8,8,1:32.203,1:29.561,1:29.436
247,915,807,4,9,9,1:32.698,1:32.416,1:29.500
248,915,816,210,10,10,1:28.409,1:30.709,1:30.208
249,915,813,1,11,11,1:30.471,1:29.305,
250,915,810,5,12,12,1:34.142,1:27.344,
251,915,808,5,13,13,1:34.454,1:27.575,
252,915,1,131,14,14,1:30.209,1:32.289,
253,916,817,215,1,1,1:32.936,1:30.830,1:26.171
254,916,20,51,2,2,1:34.740,1:30.954,1:28.665
255,916,808,5,3,3,1:30.153,1:28.627,1:28.631
256,916,4,211,4,4,1:33.292,1:28.536,1:26.948
257,916,816,210,5,5,1:29.951,1:32.107,1:30.211
258,916,812,4,6,6,1:30.772,1:29.287,1:28.808
259,916,1,131,7,7,1:30.463,1:30.311,1:30.375
260,916,807,4,8,8,1:28.778,1:30.342,1:28.201
261,916,811,131,9,9,1:30.784,1:29.752,1:30.287
262,916,809,1,10,10,1:28.185,1:30.151,1:30.976
263,916,810,5,11,11,1:33.142,1:29.299,
264,916,17,210,12,12,1:29.957,1:29.125,
265,916,815,214,13,13,1:34.398,1:31.236,
266,916,813,1,14,14,1:31.539,1:29.851,
267,917,1,131,1,1,1:31.676,1:29.331,1:28.151
268,917,811,131,2,2,1:33.475,1:29.458,1:30.423
269,917,807,4,3,3,1:28.765,1:32.977,1:29.662
270,917,815,214,4,4,1:32.520,1:32.920,1:26.368
271,917,810,5,5,5,1:28.480,1:32.665,1:26.215
272,917,17,210,6,6,1:33.359,1:29.579,1:26.106
273,917,816,210,7,7,1:33.733,1:29.447,1:26.314
274,917,808,5,8,8,1:32.890,1:28.639,1:28.466
275,917,812,4,9,9,1:28.637,1:27.153,1:30.566
276,917,4,211,10,10,1:28.263,1:32.433,1:28.897
277,917,817,215,11,11,1:31.372,1:29.819,
278,917,20,51,12,12,1:33.513,1:30.192,
279,917,809,1,13,13,1:32.178,1:32.316,
280,917,813,1,14,14,1:30.457,1:28.606,
281,918,20,51,1,1,1:29.749,1:27.490,1:30.405
282,918,809,1,2,2,1:33.919,1:27.612,1:29.287
283,918,817,215,3,3,1:29.615,1:27.743,1:28.601
284,918,1,131,4,4,1:29.359,1:27.170,1:27.556
285,918,815,214,5,5,1:32.390,1:31.391,1:27.855
286,918,17,210,6,6,1:30.910,1:29.643,1:26.757
287,918,808,5,7,7,1:31.607,1:31.627,1:28.658
288,918,807,4,8,8,1:30.286,1:30.520,1:26.650
289,918,813,1,9,9,1:33.138,1:27.743,1:28.165
290,918,816,210,10,10,1:31.367,1:32.903,1:27.189
291,918,4,211,11,11,1:32.354,1:31.356,
292,918,810,5,12,12,1:34.541,1:28.698,
293,918,812,4,13,13,1:29.848,1:32.681,
294,918,811,131,14,14,1:31.811,1:32.118,
295,919,812,4,1,1,1:32.943,1:31.260,1:28.801
296,919,815,214,2,2,1:32.370,1:28.791,1:30.271
297,919,17,210,3,3,1:33.373,1:29.234,1:28.821
298,919,813,1,4,4,1:31.521,1:31.285,1:26.463
299,919,809,1,5,5,1:30.706,1:28.622,1:29.990
300,919,810,5,6,6,1:29.295,1:27.197,1:30.121
301,919,20,51,7,7,1:29.271,1:32.525,1:26.602
302,919,816,210,8,8,1:28.184,1:29.243,1:29.323
303,919,807,4,9,9,1:31.278,1:27.364,1:27.528
304,919,4,211,10,10,1:33.515,1:31.826,1:30.653
305,919,1,131,11,11,1:32.579,1:29.429,
306,919,817,215,12,12,1:30.906,1:28.882,
307,919,808,5,13,13,1:34.222,1:29.438,
308,919,811,131,14,14,1:29.447,1:31.134,
309,920,816,210,1,1,1:30.656,1:31.294,1:26.927
310,920,807,4,2,2,1:33.432,1:31.426,1:27.524
311,920,811,131,3,3,1:33.507,1:27.527,1:26.365
312,920,4,211,4,4,1:30.307,1:32.811,1:26.405
313,920,810,5,5,5,1:31.444,1:27.799,1:27.593
314,920,808,5,6,6,1:33.519,1:27.890,1:28.233
315,920,813,1,7,7,1:34.526,1:27.629,1:30.654
316,920,1,131,8,8,1:33.895,1:28.414,1:29.418
317,920,815,214,9,9,1:28.191,1:29.155,1:28.771
318,920,17,210,10,10,1:34.236,1:30.831,1:26.167
319,920,809,1,11,11,1:33.348,1:28.422,
320,920,817,215,12,12,1:29.617,1:32.528,
321,920,20,51,13,13,1:32.808,1:27.247,
322,920,812,4,14,14,1:33.949,1:28.165,
323,921,807,4,1,1,1:33.656,1:30.827,1:26.804
324,921,812,4,2,2,1:30.986,1:32.762,1:28.949
325,921,810,5,3,3,1:31.538,1:30.959,1:29.798
326,921,17,210,4,4,1:28.639,1:29.791,1:30.225
327,921,811,131,5,5,1:28.136,1:28.710,1:27.226
328,921,817,215,6,6,1:30.267,1:32.944,1:29.409
329,921,815,214,7,7,1:33.627,1:30.518,1:29.784
330,921,809,1,8,8,1:33.939,1:30.538,1:30.893
331,921,816,210,9,9,1:32.588,1:27.745,1:28.163
332,921,1,131,10,10,1:34.974,1:32.688,1:28.757
333,921,20,51,11,11,1:34.562,1:27.412,
334,921,808,5,12,12,1:34.958,1:31.565,
335,921,813,1,13,13,1:30.402,1:29.781,
336,921,4,211,14,14,1:34.149,1:30.446,
337,922,810,5,1,1,1:32.703,1:27.127,1:26.636
338,922,815,214,2,2,1:29.597,1:27.233,1:28.348
339,922,817,215,3,3,1:32.649,1:32.174,1:27.267
340,922,809,1,4,4,1:30.602,1:31.454,1:26.763
341,922,807,4,5,5,1:30.245,1:27.983,1:30.443
342,922,813,1,6,6,1:32.134,1:32.100,1:29.252
343,922,4,211,7,7,1:32.607,1:32.590,1:27.444
344,922,808,5,8,8,1:29.320,1:29.822,1:26.627
345,922,816,210,9,9,1:33.598,1:27.740,1:27.580
346,922,20,51,10,10,1:29.947,1:30.971,1:27.645
347,922,811,131,11,11,1:28.992,1:31.745,
348,922,1,131,12,12,1:32.733,1:32.963,
349,922,17,210,13,13,1:28.147,1:29.650,
350,922,812,4,14,14,1:34.109,1:32.855,
351,923,809,1,1,1,1:34.710,1:27.919,1:30.346
352,923,4,211,2,2,1:32.887,1:28.722,1:27.704
353,923,812,4,3,3,1:32.871,1:28.720,1:27.288
354,923,817,215,4,4,1:34.716,1:29.595,1:26.216
355,923,816,210,5,5,1:30.710,1:31.608,1:27.263
356,923,811,131,6,6,1:32.367,1:31.173,1:29.172
357,923,807,4,7,7,1:31.298,1:28.857,1:29.890
358,923,813,1,8,8,1:34.907,1:31.250,1:30.305
359,923,17,210,9,9,1:29.278,1:31.834,1:26.898
360,923,1,131,10,10,1:29.887,1:30.282,1:26.592
361,923,810,5,11,11,1:29.764,1:31.733,
362,923,815,214,12,12,1:34.831,1:28.474,
363,923,20,51,13,13,1:33.806,1:28.198,
364,923,808,5,14,14,1:29.686,1:32.951,
365,924,808,5,1,1,1:33.566,1:32.711,1:28.404
366,924,20,51,2,2,1:28.243,1:32.331,1:28.683
367,924,817,215,3,3,1:29.831,1:30.694,1:27.372
368,924,4,211,4,4,1:34.272,1:31.106,1:28.621
369,924,813,1,5,5,1:29.647,1:27.617,1:27.314
370,924,1,131,6,6,1:33.384,1:32.538,1:26.785
371,924,810,5,7,7,1:30.637,1:29.993,1:27.383
372,924,807,4,8,8,1:30.174,1:32.288,1:28.701
373,924,815,214,9,9,1:32.665,1:32.926,1:28.887
374,924,816,210,10,10,1:33.158,1:27.720,1:26.768
375,924,17,210,11,11,1:34.299,1:32.807,
376,924,812,4,12,12,1:30.478,1:29.857,
377,924,809,1,13,13,1:32.715,1:29.100,
378,924,811,131,14,14,1:30.563,1:32.271,
379,925,817,215,1,1,1:28.838,1:31.659,1:28.471
380,925,812,4,2,2,1:34.545,1:29.215,1:30.416
381,925,809,1,3,3,1:34.194,1:27.991,1:29.762
382,925,815,214,4,4,1:29.149,1:32.817,1:27.434
383,925,816,210,5,5,1:34.681,1:29.370,1:27.903
384,925,810,5,6,6,1:34.875,1:29.801,1:30.460
385,925,808,5,7,7,1:29.587,1:31.355,1:29.852
386,925,807,4,8,8,1:32.100,1:28.545,1:29.433
387,925,811,131,9,9,1:28.448,1:28.181,1:30.803
388,925,4,211,10,10,1:32.649,1:32.491,1:28.409
389,925,20,51,11,11,1:29.308,1:31.700,
390,925,17,210,12,12,1:33.192,1:30.696,
391,925,1,131,13,13,1:32.856,1:32.390,
392,925,813,1,14,14,1:32.883,1:28.733,
393,926,812,4,1,1,1:32.759,1:29.716,1:30.587
394,926,815,214,2,2,1:28.808,1:28.796,1:27.364
395,926,816,210,3,3,1:30.711,1:32.931,1:27.538
396,926,809,1,4,4,1:32.521,1:29.977,1:26.629
397,926,20,51,5,5,1:34.994,1:27.612,1:29.359
398,926,1,131,6,6,1:32.181,1:29.782,1:28.643
399,926,811,131,7,7,1:28.383,1:28.204,1:29.799
400,926,810,5,8,8,1:33.417,1:28.698,1:27.973
401,926,808,5,9,9,1:28.112,1:28.793,1:30.212
402,926,813,1,10,10,1:32.270,1:31.525,1:26.178
403,926,4,211,11,11,1:29.281,1:29.897,
404,926,817,215,12,12,1:29.965,1:28.807,
405,926,17,210,13,13,1:30.170,1:28.717,
406,926,807,4,14,14,1:34.395,1:32.569,
407,927,817,215,1,1,1:34.943,1:28.534,1:28.297
408,927,815,214,2,2,1:31.510,1:32.939,1:26.793
409,927,17,210,3,3,1:28.468,1:29.930,1:26.927
410,927,812,4,4,4,1:30.673,1:32.633,1:28.311
411,927,1,131,5,5,1:33.512,1:29.524,1:27.709
412,927,813,1,6,6,1:28.642,1:32.211,1:27.858
413,927,811,131,7,7,1:29.372,1:32.497,1:26.306
414,927,809,1,8,8,1:33.539,1:32.667,1:28.668
415,927,808,5,9,9,1:31.581,1:29.213,1:30.996
416,927,20,51,10,10,1:31.952,1:31.809,1:30.420
417,927,816,210,11,11,1:30.996,1:29.888,
418,927,810,5,12,12,1:32.627,1:30.990,
419,927,807,4,13,13,1:32.153,1:28.947,
420,927,4,211,14,14,1:31.164,1:30.685,
421,928,809,1,1,1,1:33.689,1:29.101,1:27.533
422,928,812,4,2,2,1:32.180,1:31.751,1:26.439
423,928,816,210,3,3,1:28.537,1:31.157,1:28.144
424,928,20,51,4,4,1:28.378,1:28.560,1:29.126
425,928,808,5,5,5,1:29.196,1:30.720,1:28.284
426,928,815,214,6,6,1:32.928,1:28.666,1:27.708
427,928,811,131,7,7,1:34.905,1:32.253,1:28.178
428,928,810,5,8,8,1:30.954,1:31.645,1:26.268
429,928,4,211,9,9,1:28.762,1:29.413,1:27.142
430,928,813,1,10,10,1:34.716,1:27.672,1:29.835
431,928,817,215,11,11,1:33.202,1:28.682,
432,928,1,131,12,12,1:29.325,1:32.839,
433,928,807,4,13,13,1:32.225,1:30.308,
434,928,17,210,14,14,1:28.173,1:29.290,
435,929,813,1,1,1,1:31.213,1:31.370,1:26.314
436,929,817,215,2,2,1:31.889,1:28.814,1:27.636
437,929,810,5,3,3,1:32.275,1:29.216,1:26.528
438,929,811,131,4,4,1:33.219,1:27.756,1:30.924
439,929,808,5,5,5,1:29.451,1:27.417,1:26.935
440,929,816,210,6,6,1:28.372,1:31.917,1:27.814
441,929,812,4,7,7,1:32.760,1:28.794,1:30.251
442,929,17,210,8,8,1:29.976,1:27.373,1:27.595
443,929,807,4,9,9,1:31.200,1:31.181,1:26.172
444,929,1,131,10,10,1:33.532,1:31.834,1:29.437
445,929,815,214,11,11,1:30.503,1:29.719,
446,929,20,51,12,12,1:28.304,1:29.882,
447,929,809,1,13,13,1:31.346,1:29.957,
448,929,4,211,14,14,1:31.637,1:27.253,
449,930,817,215,1,1,1:28.795,1:29.974,1:26.666
450,930,812,4,2,2,1:29.454,1:30.967,1:30.729
451,930,810,5,3,3,1:34.145,1:32.967,1:30.921
452,930,813,1,4,4,1:33.228,1:27.636,1:27.217
453,930,1,131,5,5,1:29.299,1:31.586,1:29.233
454,930,815,214,6,6,1:31.435,1:27.433,1:28.765
455,930,816,210,7,7,1:29.433,1:27.637,1:26.400
456,930,17,210,8,8,1:31.674,1:29.535,1:29.864
457,930,809,1,9,9,1:29.558,1:28.497,1:29.385
458,930,811,131,10,10,1:28.239,1:28.655,1:26.880
459,930,808,5,11,11,1:33.827,1:32.709,
460,930,807,4,12,12,1:31.381,1:31.915,
461,930,20,51,13,13,1:31.677,1:28.556,
462,930,4,211,14,14,1:34.178,1:31.890,
463,931,817,215,1,1,1:31.608,1:32.233,1:30.291
464,931,811,131,2,2,1:31.377,1:28.623,1:29.222
465,931,1,131,3,3,1:33.833,1:31.150,1:28.873
466,931,812,4,4,4,1:31.254,1:31.718,1:30.915
467,931,815,214,5,5,1:34.542,1:31.622,1:28.477
468,931,816,210,6,6,1:32.634,1:31.392,1:26.370
469,931,4,211,7,7,1:30.192,1:32.628,1:27.504
470,931,813,1,8,8,1:32.988,1:29.521,1:27.571
471,931,809,1,9,9,1:32.646,1:32.602,1:27.751
472,931,17,210,10,10,1:33.463,1:32.645,1:26.621
473,931,810,5,11,11,1:29.756,1:29.834,
474,931,808,5,12,12,1:30.868,1:30.970,
475,931,20,51,13,13,1:31.496,1:28.205,
476,931,807,4,14,14,1:32.313,1:27.231,
477,932,1,131,1,1,1:31.940,1:28.619,1:27.750
478,932,810,5,2,2,1:31.408,1:30.621,1:30.311
479,932,4,211,3,3,1:31.576,1:28.559,1:30.625
480,932,813,1,4,4,1:33.853,1:31.953,1:30.335
481,932,815,214,5,5,1:29.577,1:30.315,1:26.228
482,932,20,51,6,6,1:29.521,1:32.345,1:30.655
483,932,816,210,7,7,1:33.655,1:28.474,1:27.489
484,932,812,4,8,8,1:28.150,1:28.393,1:28.365
485,932,17,210,9,9,1:32.347,1:32.952,1:26.481
486,932,807,4,10,10,1:34.900,1:29.117,1:29.924
487,932,817,215,11,11,1:31.451,1:30.915,
488,932,809,1,12,12,1:29.382,1:28.209,
489,932,811,131,13,13,1:28.279,1:28.643,
490,932,808,5,14,14,1:29.893,1:27.942,
491,933,809,1,1,1,1:28.328,1:28.695,1:28.534
492,933,812,4,2,2,1:29.857,1:28.721,1:30.641
493,933,17,210,3,3,1:31.408,1:28.442,1:29.276
494,933,816,210,4,4,1:30.293,1:28.317,1:29.260
495,933,4,211,5,5,1:34.624,1:27.935,1:27.309
496,933,807,4,6,6,1:32.961,1:29.378,1:28.409
497,933,20,51,7,7,1:28.239,1:28.920,1:26.629
498,933,811,131,8,8,1:28.211,1:31.509,1:30.438
499,933,817,215,9,9,1:32.358,1:28.715,1:28.797
500,933,815,214,10,10,1:29.354,1:30.997,1:28.207
501,933,810,5,11,11,1:31.693,1:31.584,
502,933,1,131,12,12,1:33.357,1:31.381,
503,933,808,5,13,13,1:29.187,1:30.115,
504,933,813,1,14,14,1:34.353,1:30.428,
505,934,813,1,1,1,1:34.874,1:30.515,1:28.354
506,934,1,131,2,2,1:34.851,1:30.952,1:26.110
507,934,812,4,3,3,1:31.125,1:31.520,1:30.952
508,934,809,1,4,4,1:32.336,1:27.318,1:30.762
509,934,808,5,5,5,1:30.243,1:32.288,1:29.715
510,934,815,214,6,6,1:34.920,1:28.508,1:29.701
511,934,807,4,7,7,1:32.355,1:27.831,1:26.623
512,934,20,51,8,8,1:32.855,1:32.383,1:28.296
513,934,810,5,9,9,1:29.977,1:28.944,1:27.464
514,934,4,211,10,10,1:29.689,1:29.141,1:29.280
515,934,17,210,11,11,1:28.170,1:27.299,
516,934,817,215,12,12,1:32.867,1:29.685,
517,934,816,210,13,13,1:30.476,1:32.498,
518,934,811,131,14,14,1:32.320,1:29.281,
519,935,811,131,1,1,1:28.672,1:31.757,1:28.609
520,935,817,215,2,2,1:34.732,1:28.204,1:29.960
521,935,17,210,3,3,1:28.354,1:31.533,1:29.781
522,935,1,131,4,4,1:31.727,1:31.965,1:27.612
523,935,813,1,5,5,1:34.963,1:28.884,1:28.958
524,935,807,4,6,6,1:30.785,1:28.857,1:27.660
525,935,816,210,7,7,1:33.393,1:32.231,1:26.158
526,935,815,214,8,8,1:28.935,1:28.660,1:28.910
527,935,808,5,9,9,1:29.827,1:27.479,1:27.179
528,935,810,5,10,10,1:28.466,1:31.638,1:29.563
529,935,812,4,11,11,1:33.519,1:29.313,
530,935,20,51,12,12,1:28.953,1:28.853,
531,935,4,211,13,13,1:34.735,1:27.687,
532,935,809,1,14,14,1:34.568,1:30.962,
533,936,808,5,1,1,1:29.136,1:31.502,1:30.501
534,936,17,210,2,2,1:33.161,1:30.967,1:29.919
535,936,809,1,3,3,1:30.464,1:30.106,1:26.527
536,936,807,4,4,4,1:32.679,1:29.645,1:27.424
537,936,816,210,5,5,1:34.877,1:28.396,1:30.330
538,936,1,131,6,6,1:32.989,1:28.621,1:28.543
539,936,815,214,7,7,1:30.504,1:27.703,1:26.842
540,936,817,215,8,8,1:33.184,1:32.824,1:26.876
541,936,810,5,9,9,1:28.168,1:28.796,1:29.544
542,936,811,131,10,10,1:33.270,1:29.583,1:27.772
543,936,812,4,11,11,1:32.945,1:27.545,
544,936,813,1,12,12,1:32.654,1:27.903,
545,936,4,211,13,13,1:29.719,1:28.194,
546,936,20,51,14,14,1:33.924,1:27.170,
547,937,809,1,1,1,1:32.629,1:32.156,1:30.118
548,937,808,5,2,2,1:28.292,1:31.486,1:27.376
549,937,20,51,3,3,1:30.844,1:29.252,1:30.154
550,937,816,210,4,4,1:31.535,1:30.208,1:27.283
551,937,807,4,5,5,1:34.467,1:32.470,1:30.596
552,937,817,215,6,6,1:34.300,1:27.608,1:27.374
553,937,812,4,7,7,1:30.603,1:32.802,1:27.141
554,937,1,131,8,8,1:30.887,1:27.116,1:28.357
555,937,810,5,9,9,1:34.673,1:30.118,1:26.936
556,937,813,1,10,10,1:34.565,1:31.857,1:28.180
557,937,815,214,11,11,1:34.647,1:31.487,
558,937,811,131,12,12,1:33.808,1:32.303,
559,937,17,210,13,13,1:31.827,1:31.295,
560,937,4,211,14,14,1:30.763,1:32.936,
561,938,810,5,1,1,1:31.364,1:30.799,1:30.518
562,938,816,210,2,2,1:33.894,1:29.464,1:29.759
563,938,815,214,3,3,1:28.824,1:27.208,1:26.621
564,938,811,131,4,4,1:34.478,1:29.195,1:29.953
565,938,20,51,5,5,1:29.979,1:32.126,1:29.629
566,938,813,1,6,6,1:30.778,1:27.181,1:29.683
567,938,17,210,7,7,1:33.578,1:32.261,1:29.501
568,938,812,4,8,8,1:31.137,1:29.610,1:26.812
569,938,807,4,9,9,1:33.299,1:29.646,1:27.488
570,938,817,215,10,10,1:33.831,1:32.103,1:29.508
571,938,809,1,11,11,1:31.303,1:28.334,
572,938,1,131,12,12,1:33.249,1:30.992,
573,938,4,211,13,13,1:33.410,1:30.562,
574,938,808,5,14,14,1:28.100,1:27.450,
575,939,807,4,1,1,1:31.221,1:27.295,1:26.578
576,939,813,1,2,2,1:30.351,1:29.602,1:27.809
577,939,809,1,3,3,1:29.585,1:31.413,1:28.993
578,939,817,215,4,4,1:29.655,1:32.425,1:27.456
579,939,1,131,5,5,1:29.515,1:29.614,1:27.662
580,939,17,210,6,6,1:30.608,1:30.192,1:26.618
581,939,815,214,7,7,1:32.475,1:28.103,1:27.330
582,939,810,5,8,8,1:28.151,1:32.822,1:30.830
583,939,812,4,9,9,1:32.822,1:31.635,1:29.251
584,939,816,210,10,10,1:30.582,1:29.423,1:26.968
585,939,808,5,11,11,1:33.902,1:30.572,
586,939,811,131,12,12,1:32.423,1:32.945,
587,939,4,211,13,13,1:32.766,1:32.884,
588,939,20,51,14,14,1:31.843,1:27.454,
589,940,811,131,1,1,1:30.538,1:29.326,1:29.541
590,940,817,215,2,2,1:31.827,1:31.183,1:30.908
591,940,813,1,3,3,1:28.792,1:31.367,1:30.219
592,940,17,210,4,4,1:29.452,1:27.139,1:30.646
593,940,812,4,5,5,1:30.987,1:31.829,1:28.993
594,940,809,1,6,6,1:34.216,1:28.973,1:29.261
595,940,815,214,7,7,1:30.811,1:29.336,1:30.165
596,940,4,211,8,8,1:33.908,1:30.540,1:27.563
597,940,20,51,9,9,1:28.495,1:27.656,1:28.425
598,940,810,5,10,10,1:32.190,1:32.169,1:27.313
599,940,816,210,11,11,1:31.700,1:30.468,
600,940,808,5,12,12,1:32.683,1:31.148,
601,940,1,131,13,13,1:31.388,1:32.725,
602,940,807,4,14,14,1:34.232,1:28.265,
603,941,815,214,1,1,1:32.780,1:29.936,1:29.280
604,941,20,51,2,2,1:34.400,1:30.891,1:30.958
605,941,810,5,3,3,1:33.413,1:31.227,1:27.658
606,941,1,131,4,4,1:32.286,1:32.552,1:29.837
607,941,17,210,5,5,1:32.323,1:28.659,1:28.675
608,941,817,215,6,6,1:32.281,1:31.278,1:29.993
609,941,807,4,7,7,1:30.163,1:31.471,1:28.196
610,941,813,1,8,8,1:33.541,1:29.510,1:26.120
611,941,808,5,9,9,1:34.834,1:32.145,1:27.702
612,941,4,211,10,10,1:31.210,1:28.222,1:26.546
613,941,809,1,11,11,1:30.390,1:30.714,
614,941,816,210,12,12,1:28.380,1:29.585,
615,941,811,131,13,13,1:31.802,1:29.997,
616,941,812,4,14,14,1:29.225,1:30.608,
617,942,809,1,1,1,1:28.594,1:32.788,1:28.488
618,942,807,4,2,2,1:33.317,1:31.445,1:29.125
619,942,815,214,3,3,1:32.865,1:29.755,1:26.755
620,942,810,5,4,4,1:32.358,1:30.146,1:30.987
621,942,20,51,5,5,1:34.846,1:31.933,1:28.777
622,942,817,215,6,6,1:29.797,1:32.457,1:26.555
623,942,813,1,7,7,1:28.728,1:32.632,1:28.952
624,942,816,210,8,8,1:31.363,1:28.401,1:27.348
625,942,812,4,9,9,1:32.876,1:32.765,1:27.896
626,942,17,210,10,10,1:33.691,1:30.183,1:30.985
627,942,808,5,11,11,1:32.441,1:27.843,
628,942,1,131,12,12,1:32.947,1:32.511,
629,942,811,131,13,13,1:33.258,1:32.472,
630,942,4,211,14,14,1:28.604,1:27.348,
631,943,20,51,1,1,1:28.382,1:28.913,1:27.636
632,943,810,5,2,2,1:28.984,1:29.228,1:27.525
633,943,812,4,3,3,1:31.764,1:32.224,1:28.105
634,943,817,215,4,4,1:32.413,1:32.664,1:27.925
635,943,808,5,5,5,1:29.181,1:28.303,1:30.503
636,943,1,131,6,6,1:34.635,1:30.676,1:26.308
637,943,811,131,7,7,1:30.996,1:31.727,1:30.577
638,943,813,1,8,8,1:28.594,1:29.145,1:28.315
639,943,816,210,9,9,1:33.591,1:31.944,1:26.635
640,943,807,4,10,10,1:34.557,1:29.635,1:29.583
641,943,809,1,11,11,1:30.342,1:32.306,
642,943,4,211,12,12,1:34.860,1:28.878,
643,943,815,214,13,13,1:28.946,1:28.214,
644,943,17,210,14,14,1:31.398,1:31.582,
645,944,815,214,1,1,1:34.148,1:28.260,1:30.275
646,944,812,4,2,2,1:34.101,1:27.994,1:29.375
647,944,810,5,3,3,1:29.728,1:30.899,1:29.432
648,944,811,131,4,4,1:28.287,1:29.211,1:29.538
649,944,809,1,5,5,1:28.691,1:28.694,1:26.424
650,944,1,131,6,6,1:30.633,1:29.208,1:29.456
651,944,817,215,7,7,1:32.455,1:30.167,1:29.791
652,944,807,4,8,8,1:32.565,1:28.563,1:26.633
653,944,813,1,9,9,1:29.120,1:30.483,1:29.714
654,944,20,51,10,10,1:34.138,1:31.921,1:27.696
655,944,808,5,11,11,1:28.435,1:30.770,
656,944,17,210,12,12,1:30.172,1:32.660,
657,944,4,211,13,13,1:32.613,1:30.275,
658,944,816,210,14,14,1:33.158,1:27.198,
659,945,20,51,1,1,1:31.239,1:31.490,1:29.966
660,945,811,131,2,2,1:32.436,1:28.205,1:27.270
661,945,1,131,3,3,1:28.168,1:31.461,1:26.532
662,945,816,210,4,4,1:28.199,1:28.108,1:26.128
663,945,812,4,5,5,1:32.213,1:32.242,1:27.256
664,945,815,214,6,6,1:34.960,1:30.181,1:27.540
665,945,807,4,7,7,1:28.271,1:29.369,1:28.725
666,945,17,210,8,8,1:33.973,1:32.528,1:27.821
667,945,808,5,9,9,1:29.354,1:30.669,1:26.412
668,945,810,5,10,10,1:33.560,1:30.986,1:26.191
669,945,809,1,11,11,1:31.904,1:30.197,
670,945,817,215,12,12,1:31.473,1:31.656,
671,945,813,1,13,13,1:28.333,1:27.737,
672,945,4,211,14,14,1:30.641,1:28.303,
673,946,20,51,1,1,1:34.399,1:29.410,1:26.741
674,946,811,131,2,2,1:32.857,1:27.271,1:29.146
675,946,813,1,3,3,1:29.451,1:28.944,1:30.157
676,946,807,4,4,4,1:29.911,1:28.867,1:28.482
677,946,810,5,5,5,1:28.261,1:31.385,1:28.496
678,946,815,214,6,6,1:30.125,1:27.225,1:30.297
679,946,817,215,7,7,1:30.287,1:28.916,1:27.815
680,946,812,4,8,8,1:28.583,1:28.622,1:27.757
681,946,808,5,9,9,1:32.199,1:30.657,1:29.377
682,946,17,210,10,10,1:32.798,1:32.725,1:28.354
683,946,1,131,11,11,1:32.991,1:32.363,
684,946,4,211,12,12,1:29.924,1:27.214,
685,946,809,1,13,13,1:31.587,1:27.374,
686,946,816,210,14,14,1:32.942,1:29.826,
687,947,816,210,1,1,1:30.708,1:28.963,1:29.171
688,947,812,4,2,2,1:32.205,1:30.984,1:30.788
689,947,20,51,3,3,1:29.232,1:32.368,1:29.772
690,947,813,1,4,4,1:30.890,1:27.846,1:27.853
691,947,807,4,5,5,1:32.897,1:28.243,1:30.650
692,947,810,5,6,6,1:28.765,1:27.852,1:27.468
693,947,811,131,7,7,1:33.657,1:28.777,1:27.315
694,947,1,131,8,8,1:29.524,1:30.941,1:26.858
695,947,808,5,9,9,1:33.285,1:32.249,1:27.751
696,947,809,1,10,10,1:30.377,1:29.762,1:27.700
697,947,817,215,11,11,1:32.824,1:27.493,
698,947,4,211,12,12,1:32.794,1:29.620,
699,947,815,214,13,13,1:34.151,1:28.880,
700,947,17,210,14,14,1:29.150,1:28.133,
701,948,810,5,1,1,1:31.559,1:31.934,1:28.220
702,948,17,210,2,2,1:33.551,1:31.228,1:28.703
703,948,811,131,3,3,1:34.128,1:28.623,1:30.396
704,948,808,5,4,4,1:29.392,1:31.819,1:28.505
705,948,1,131,5,5,1:31.238,1:28.273,1:30.595
706,948,20,51,6,6,1:33.754,1:30.450,1:27.398
707,948,807,4,7,7,1:29.291,1:29.869,1:27.265
708,948,813,1,8,8,1:34.982,1:28.640,1:28.605
709,948,816,210,9,9,1:33.867,1:27.403,1:26.536
710,948,815,214,10,10,1:30.601,1:28.492,1:30.860
711,948,4,211,11,11,1:28.504,1:29.461,
712,948,817,215,12,12,1:30.297,1:30.455,
713,948,812,4,13,13,1:31.528,1:27.738,
714,948,809,1,14,14,1:30.779,1:28.855,
715,949,17,210,1,1,1:30.446,1:27.827,1:26.522
716,949,810,5,2,2,1:33.273,1:31.214,1:29.130
717,949,817,215,3,3,1:30.442,1:27.229,1:26.638
718,949,4,211,4,4,1:30.101,1:31.632,1:27.488
719,949,807,4,5,5,1:31.440,1:31.119,1:30.137
720,949,811,131,6,6,1:31.636,1:28.732,1:27.553
721,949,1,131,7,7,1:28.422,1:27.612,1:28.872
722,949,816,210,8,8,1:32.659,1:27.924,1:28.390
723,949,812,4,9,9,1:31.705,1:31.889,1:30.796
724,949,815,214,10,10,1:34.486,1:30.920,1:29.514
725,949,808,5,11,11,1:32.571,1:32.260,
726,949,813,1,12,12,1:29.311,1:30.115,
727,949,20,51,13,13,1:29.983,1:30.816,
728,949,809,1,14,14,1:32.650,1:27.355,
729,950,812,4,1,1,1:31.930,1:31.313,1:26.429
730,950,807,4,2,2,1:29.404,1:28.874,1:29.189
731,950,4,211,3,3,1:32.159,1:29.573,1:27.640
732,950,809,1,4,4,1:34.856,1:32.178,1:26.900
733,950,810,5,5,5,1:28.888,1:27.378,1:26.285
734,950,811,131,6,6,1:33.704,1:30.257,1:28.792
735,950,17,210,7,7,1:34.539,1:31.565,1:26.842
736,950,813,1,8,8,1:29.172,1:27.800,1:26.630
737,950,808,5,9,9,1:30.425,1:29.731,1:30.645
738,950,816,210,10,10,1:31.807,1:28.301,1:30.622
739,950,1,131,11,11,1:30.499,1:28.544,
740,950,20,51,12,12,1:32.321,1:27.691,
741,950,815,214,13,13,1:34.371,1:29.115,
742,950,817,215,14,14,1:33.623,1:29.852,
743,951,813,1,1,1,1:32.928,1:32.358,1:29.202
744,951,815,214,2,2,1:28.666,1:27.200,1:30.325
745,951,817,215,3,3,1:34.562,1:31.125,1:26.605
746,951,816,210,4,4,1:33.810,1:32.866,1:27.642
747,951,4,211,5,5,1:30.896,1:28.835,1:26.331
748,951,20,51,6,6,1:31.867,1:28.595,1:30.802
749,951,809,1,7,7,1:33.958,1:27.286,1:29.437
750,951,812,4,8,8,1:33.136,1:28.236,1:29.326
751,951,1,131,9,9,1:31.281,1:28.185,1:28.152
752,951,807,4,10,10,1:31.966,1:29.878,1:26.595
753,951,810,5,11,11,1:34.199,1:32.698,
754,951,17,210,12,12,1:30.495,1:29.712,
755,951,808,5,13,13,1:32.562,1:31.725,
756,951,811,131,14,14,1:30.463,1:28.183,
757,952,811,131,1,1,1:32.238,1:31.373,1:27.217
758,952,807,4,2,2,1:29.582,1:29.802,1:29.559
759,952,1,131,3,3,1:30.792,1:32.511,1:28.394
760,952,816,210,4,4,1:28.120,1:28.270,1:28.659
761,952,4,211,5,5,1:33.248,1:30.471,1:29.579
762,952,815,214,6,6,1:29.250,1:31.168,1:29.945
763,952,17,210,7,7,1:28.732,1:29.518,1:30.760
764,952,809,1,8,8,1:29.757,1:27.342,1:26.611
765,952,813,1,9,9,1:28.654,1:28.617,1:28.495
766,952,20,51,10,10,1:31.111,1:31.933,1:27.498
767,952,808,5,11,11,1:34.948,1:32.255,
768,952,812,4,12,12,1:33.527,1:32.515,
769,952,817,215,13,13,1:33.425,1:29.443,
770,952,810,5,14,14,1:33.382,1:28.955,
771,953,810,5,1,1,1:31.479,1:31.773,1:28.569
772,953,17,210,2,2,1:29.774,1:30.704,1:27.895
773,953,817,215,3,3,1:30.821,1:32.565,1:29.379
774,953,4,211,4,4,1:29.217,1:31.408,1:29.574
775,953,807,4,5,5,1:31.360,1:27.404,1:27.385
776,953,809,1,6,6,1:34.162,1:28.540,1:30.837
777,953,1,131,7,7,1:34.738,1:30.289,1:29.610
778,953,813,1,8,8,1:33.152,1:28.585,1:29.589
779,953,20,51,9,9,1:29.463,1:27.106,1:29.296
780,953,808,5,10,10,1:30.975,1:28.349,1:29.694
781,953,812,4,11,11,1:31.971,1:29.570,
782,953,816,210,12,12,1:34.800,1:32.389,
783,953,815,214,13,13,1:29.502,1:28.620,
784,953,811,131,14,14,1:30.309,1:27.915,
785,954,811,131,1,1,1:34.383,1:31.734,1:26.851
786,954,807,4,2,2,1:29.438,1:32.121,1:28.968
787,954,17,210,3,3,1:28.565,1:29.531,1:27.815
788,954,812,4,4,4,1:33.873,1:29.862,1:29.320
789,954,808,5,5,5,1:30.321,1:28.812,1:27.448
790,954,817,215,6,6,1:28.813,1:28.335,1:30.857
791,954,815,214,7,7,1:31.964,1:32.335,1:30.579
792,954,813,1,8,8,1:30.356,1:29.599,1:26.609
793,954,809,1,9,9,1:32.884,1:32.875,1:26.397
794,954,20,51,10,10,1:29.236,1:29.853,1:30.409
795,954,810,5,11,11,1:31.853,1:27.422,
796,954,1,131,12,12,1:31.801,1:32.251,
797,954,4,211,13,13,1:29.401,1:32.750,
798,954,816,210,14,14,1:34.334,1:29.660,
799,955,17,210,1,1,1:31.473,1:31.108,1:26.543
800,955,1,131,2,2,1:28.304,1:31.797,1:30.296
801,955,809,1,3,3,1:29.873,1:29.220,1:30.164
802,955,4,211,4,4,1:31.924,1:32.491,1:27.468
803,955,807,4,5,5,1:28.294,1:29.111,1:27.788
804,955,810,5,6,6,1:28.316,1:29.545,1:29.650
805,955,813,1,7,7,1:32.317,1:32.923,1:26.155
806,955,808,5,8,8,1:33.352,1:32.879,1:28.944
807,955,20,51,9,9,1:31.514,1:32.334,1:29.919
808,955,811,131,10,10,1:34.121,1:31.942,1:26.669
809,955,816,210,11,11,1:32.291,1:29.202,
810,955,815,214,12,12,1:31.106,1:29.666,
811,955,812,4,13,13,1:34.973,1:32.339,
812,955,817,215,14,14,1:29.331,1:27.332,
813,956,811,131,1,1,1:29.383,1:30.754,1:26.375
814,956,17,210,2,2,1:29.239,1:31.812,1:28.764
815,956,809,1,3,3,1:32.184,1:31.130,1:30.339
816,956,812,4,4,4,1:29.462,1:32.488,1:30.767
817,956,817,215,5,5,1:30.956,1:29.198,1:28.161
818,956,807,4,6,6,1:32.778,1:31.218,1:27.697
819,956,4,211,7,7,1:33.491,1:27.151,1:28.388
820,956,815,214,8,8,1:33.436,1:28.303,1:28.851
821,956,1,131,9,9,1:34.607,1:28.480,1:26.675
822,956,810,5,10,10,1:30.353,1:31.213,1:29.627
823,956,20,51,11,11,1:28.307,1:29.475,
824,956,813,1,12,12,1:33.649,1:31.960,
825,956,816,210,13,13,1:28.711,1:28.911,
826,956,808,5,14,14,1:31.431,1:27.178,
827,957,807,4,1,1,1:33.281,1:27.417,1:30.309
828,957,815,214,2,2,1:28.195,1:32.957,1:29.185
829,957,811,131,3,3,1:34.493,1:27.943,1:30.703
830,957,809,1,4,4,1:33.232,1:27.413,1:28.320
831,957,810,5,5,5,1:33.145,1:32.291,1:28.887
832,957,17,210,6,6,1:30.433,1:31.789,1:27.430
833,957,812,4,7,7,1:33.203,1:27.898,1:28.153
834,957,20,51,8,8,1:31.133,1:28.989,1:26.417
835,957,808,5,9,9,1:34.657,1:32.800,1:28.311
836,957,816,210,10,10,1:29.212,1:30.227,1:29.257
837,957,817,215,11,11,1:28.926,1:28.966,
838,957,4,211,12,12,1:31.611,1:28.144,
839,957,813,1,13,13,1:31.318,1:29.929,
840,957,1,131,14,14,1:30.276,1:30.802,
841,958,809,1,1,1,1:33.303,1:31.651,1:28.422
842,958,815,214,2,2,1:29.280,1:29.419,1:28.402
843,958,811,131,3,3,1:33.883,1:28.791,1:28.394
844,958,807,4,4,4,1:28.980,1:30.848,1:27.938
845,958,810,5,5,5,1:33.922,1:27.148,1:29.888
846,958,808,5,6,6,1:32.727,1:27.738,1:27.308
847,958,817,215,7,7,1:32.193,1:27.989,1:28.428
848,958,816,210,8,8,1:31.134,1:30.839,1:29.540
849,958,1,131,9,9,1:32.634,1:29.328,1:26.495
850,958,20,51,10,10,1:29.554,1:29.770,1:30.227
851,958,812,4,11,11,1:33.642,1:28.458,
852,958,17,210,12,12,1:34.412,1:29.645,
853,958,4,211,13,13,1:34.295,1:29.128,
854,958,813,1,14,14,1:29.115,1:31.904,
855,959,17,210,1,1,1:33.672,1:28.682,1:26.714
856,959,810,5,2,2,1:30.425,1:29.768,1:28.458
857,959,1,131,3,3,1:29.886,1:30.797,1:26.924
858,959,817,215,4,4,1:32.672,1:30.897,1:26.252
859,959,808,5,5,5,1:28.226,1:27.726,1:27.109
860,959,4,211,6,6,1:31.238,1:27.548,1:30.968
861,959,816,210,7,7,1:31.151,1:29.565,1:26.817
862,959,815,214,8,8,1:34.574,1:27.538,1:30.920
863,959,812,4,9,9,1:28.697,1:31.252,1:27.602
864,959,813,1,10,10,1:33.871,1:30.105,1:29.760
865,959,809,1,11,11,1:32.217,1:31.700,
866,959,20,51,12,12,1:29.778,1:30.260,
867,959,811,131,13,13,1:33.155,1:30.948,
868,959,807,4,14,14,1:32.145,1:32.883,
869,960,812,4,1,1,1:29.761,1:32.212,1:28.240
870,960,816,210,2,2,1:28.829,1:31.510,1:26.483
871,960,811,131,3,3,1:33.251,1:29.850,1:28.418
872,960,813,1,4,4,1:28.705,1:29.659,1:29.255
873,960,808,5,5,5,1:31.576,1:29.500,1:26.440
874,960,4,211,6,6,1:28.954,1:30.547,1:28.796
875,960,1,131,7,7,1:28.837,1:28.429,1:28.991
876,960,807,4,8,8,1:33.455,1:30.654,1:28.285
877,960,809,1,9,9,1:28.848,1:31.233,1:26.489
878,960,17,210,10,10,1:29.121,1:27.699,1:26.224
879,960,817,215,11,11,1:34.957,1:29.827,
880,960,20,51,12,12,1:33.352,1:32.345,
881,960,810,5,13,13,1:30.205,1:27.415,
882,960,815,214,14,14,1:33.647,1:28.815,
883,961,816,210,1,1,1:29.524,1:28.283,1:26.227
884,961,811,131,2,2,1:34.922,1:31.877,1:29.485
885,961,807,4,3,3,1:33.370,1:29.910,1:28.155
886,961,815,214,4,4,1:34.302,1:31.727,1:29.237
887,961,817,215,5,5,1:33.914,1:27.661,1:27.170
888,961,810,5,6,6,1:34.693,1:30.716,1:27.971
889,961,809,1,7,7,1:31.142,1:28.938,1:27.232
890,961,1,131,8,8,1:30.164,1:28.475,1:26.566
891,961,813,1,9,9,1:29.312,1:30.672,1:30.187
892,961,808,5,10,10,1:31.994,1:30.889,1:29.181
893,961,4,211,11,11,1:28.385,1:32.964,
894,961,20,51,12,12,1:33.391,1:31.814,
895,961,17,210,13,13,1:31.962,1:31.307,
896,961,812,4,14,14,1:32.763,1:32.637,
897,962,815,214,1,1,1:29.384,1:29.486,1:29.237
898,962,816,210,2,2,1:30.815,1:28.961,1:27.515
899,962,810,5,3,3,1:29.470,1:27.155,1:30.733
900,962,817,215,4,4,1:29.229,1:27.769,1:29.190
901,962,17,210,5,5,1:28.633,1:28.209,1:26.740
902,962,813,1,6,6,1:28.439,1:31.455,1:29.267
903,962,811,131,7,7,1:32.551,1:27.204,1:27.815
904,962,1,131,8,8,1:29.398,1:27.745,1:28.147
905,962,4,211,9,9,1:33.338,1:31.883,1:26.470
906,962,809,1,10,10,1:32.586,1:29.264,1:30.436
907,962,20,51,11,11,1:29.313,1:32.427,
908,962,807,4,12,12,1:32.480,1:27.677,
909,962,812,4,13,13,1:33.338,1:30.799,
910,962,808,5,14,14,1:29.462,1:27.301,
911,963,807,4,1,1,1:28.669,1:29.300,1:29.646
912,963,812,4,2,2,1:28.736,1:28.932,1:27.696
913,963,813,1,3,3,1:28.799,1:29.540,1:30.716
914,963,4,211,4,4,1:29.419,1:27.314,1:29.380
915,963,809,1,5,5,1:30.716,1:32.986,1:27.290
916,963,816,210,6,6,1:28.159,1:31.916,1:26.918
917,963,808,5,7,7,1:31.681,1:31.386,1:27.268
918,963,17,210,8,8,1:33.448,1:28.113,1:29.519
919,963,1,131,9,9,1:32.946,1:28.647,1:30.127
920,963,20,51,10,10,1:31.545,1:32.815,1:28.203
921,963,811,131,11,11,1:33.525,1:31.640,
922,963,810,5,12,12,1:34.949,1:28.205,
923,963,817,215,13,13,1:34.868,1:31.164,
924,963,815,214,14,14,1:34.287,1:31.237,
925,964,816,210,1,1,1:32.691,1:27.639,1:30.718
926,964,809,1,2,2,1:28.468,1:28.750,1:29.909
927,964,815,214,3,3,1:30.416,1:29.419,1:26.594
928,964,17,210,4,4,1:28.621,1:31.816,1:28.808
929,964,810,5,5,5,1:33.641,1:27.119,1:26.229
930,964,812,4,6,6,1:32.996,1:30.455,1:27.892
931,964,4,211,7,7,1:30.364,1:32.314,1:29.557
932,964,811,131,8,8,1:29.142,1:28.961,1:27.229
933,964,817,215,9,9,1:33.805,1:28.815,1:26.856
934,964,20,51,10,10,1:29.626,1:31.619,1:27.657
935,964,807,4,11,11,1:32.213,1:29.265,
936,964,808,5,12,12,1:30.238,1:31.398,
937,964,1,131,13,13,1:31.888,1:28.924,
938,964,813,1,14,14,1:29.941,1:28.253,
939,965,807,4,1,1,1:34.244,1:29.608,1:28.852
940,965,17,210,2,2,1:33.930,1:31.942,1:26.203
941,965,20,51,3,3,1:30.227,1:28.667,1:26.630
942,965,808,5,4,4,1:34.637,1:28.780,1:29.122
943,965,816,210,5,5,1:34.624,1:27.933,1:27.243
944,965,812,4,6,6,1:28.767,1:31.518,1:26.898
945,965,815,214,7,7,1:32.515,1:32.581,1:28.396
946,965,811,131,8,8,1:29.329,1:32.779,1:27.255
947,965,810,5,9,9,1:32.204,1:27.429,1:29.966
948,965,813,1,10,10,1:33.237,1:29.369,1:29.656
949,965,4,211,11,11,1:28.563,1:29.549,
950,965,809,1,12,12,1:30.352,1:27.384,
951,965,1,131,13,13,1:29.119,1:32.517,
952,965,817,215,14,14,1:28.409,1:28.203,
